sessionId,turn,role,content,createdAt
21cab6cc-855a-42bd-8b3c-7bc205f0cee4,1,user,"N개의 수가 주어졌을 때 i번째 수부터 j번째 수까지의 합을 구하는 문제입니다.
코드:
def solution(arr, i, j): return sum(arr[i:j])",2025-05-28T06:03:15.273857
21cab6cc-855a-42bd-8b3c-7bc205f0cee4,2,assistant,"좋은 점:
- 구현이 간단하고 직관적입니다.
- sum 함수를 사용하여 구간 합을 계산했습니다.
개선할 점:
- 인덱스 범위 체크가 없습니다.
- i와 j의 순서에 따라 결과가 달라질 수 있습니다.
개선된 코드:
def solution(arr, queries):
    results = []
    for i, j in queries:
        if i < 0 or j >= len(arr) or i > j:
            results.append('Invalid range')
        else:
            results.append(sum(arr[i:j+1]))
    return results

# 예시 입력
arr = [4, 1, 2, 3]
queries = [(0, 2), (1, 3)]
print(solution(arr, queries)) # 출력: [7, 6]",2025-05-28T06:03:30.153142
21cab6cc-855a-42bd-8b3c-7bc205f0cee4,3,user,시간 복잡도는 어느 부분에서 문제가 될 수 있을까요?,2025-05-28T06:03:53.337248
21cab6cc-855a-42bd-8b3c-7bc205f0cee4,4,assistant,"시간 복잡도는 `sum(arr[i:j])` 부분에서 문제가 될 수 있습니다. 이 부분은 O(j-i)의 시간이 걸립니다. 따라서 전체 쿼리에 대해 반복하면 총 시간 복잡도는 O(m * n)이 됩니다, 여기서 m은 쿼리의 개수이고 n은 배열의 길이입니다.

이를 최적화하려면 누적합(Cumulative Sum)을 사용하여 각 인덱스에서 시작하는 부분 합을 미리 계산해두고, 쿼리를 처리할 때 O(1)의 시간으로 결과를 얻을 수 있습니다.",2025-05-28T06:04:01.122102
21cab6cc-855a-42bd-8b3c-7bc205f0cee4,5,user,그럼 누적합을 쓰면 실제 시간 복잡도는 어떻게 되나요?,2025-05-28T06:08:11.278656
21cab6cc-855a-42bd-8b3c-7bc205f0cee4,6,assistant,누적합을 사용하면 각 쿼리에 대해 O(1)의 시간복잡도로 해결할 수 있습니다. 이전에 계산된 부분합을 저장하여 현재 범위의 합을 빠르게 계산합니다.,2025-05-28T06:08:17.31216521cab6cc-855a-42bd-8b3c-7bc205f0cee4,8,user,누적합을 적용한 코드 예시는 어떻게 되나요?,2025-05-28T06:12:31.068097
21cab6cc-855a-42bd-8b3c-7bc205f0cee4,9,assistant,"누적합을 사용하여 i번째 수부터 j번째 수까지의 합을 계산하는 방법은 다음과 같습니다:

```python
def solution(arr, queries):
    n = len(arr)
    prefix_sum = [0] * (n + 1)
    
    # 누적합 배열 생성
    for i in range(n):
        prefix_sum[i + 1] = prefix_sum[i] + arr[i]
    
    results = []
    for i, j in queries:
        if i < 0 or j >= len(arr) or i > j:
            results.append('Invalid range')
        else:
            # i번째 수부터 j번째 수까지의 합 = prefix_sum[j+1] - prefix_sum[i]
            results.append(prefix_sum[j + 1] - prefix_sum[i])
    
    return results

# 예시 입력
arr = [4, 1, 2, 3]
queries = [(0, 2), (1, 3)]
print(solution(arr, queries)) # 출력: [7, 6]
```

이렇게 하면 각 쿼리에 대해 O(1) 시간에 결과를 얻을 수 있습니다.",2025-05-28T06:12:40.337223
