sessionId,turn,summary,createdAt
21cab6cc-855a-42bd-8b3c-7bc205f0cee4,9,"누적합을 사용한 코드 예시:

```python
def cumulative_sum(arr):
    cumsum = [0] * (len(arr) + 1)
    for i in range(len(arr)):
        cumsum[i+1] = cumsum[i] + arr[i]
    return cumsum

def solution(arr, queries):
    cumsum = cumulative_sum(arr)
    results = []
    for i, j in queries:
        if i < 0 or j >= len(arr) or i > j:
            results.append('Invalid range')
        else:
            results.append(cumsum[j+1] - cumsum[i])
    return results

# 예시 입력
arr = [4, 1, 2, 3]
queries = [(0, 2), (1, 3)]
print(solution(arr, queries)) # 출력: [7, 6]
```

이렇게 하면 각 쿼리에 대해 O(1)의 시간복잡도로 합을 계산할 수 있습니다.",2025-05-28T06:27:21.875750
